

DROP TABLE IF EXISTS "drivetrains";
DROP SEQUENCE IF EXISTS drivetrains_id_seq;
CREATE SEQUENCE drivetrains_id_seq INCREMENT 1 MINVALUE 1 MAXVALUE 2147483647 CACHE 1;

CREATE TABLE "public"."drivetrains" (
    "id" integer DEFAULT nextval('drivetrains_id_seq') NOT NULL,
    "type" character varying(50) NOT NULL,
    CONSTRAINT "drivetrains_pkey" PRIMARY KEY ("id")
)
WITH (oids = false);

INSERT INTO "drivetrains" ("id", "type") VALUES
(1,	'FWD'),
(2,	'RWD'),
(3,	'AWD'),
(4,	'4WD');

DROP TABLE IF EXISTS "engines";
DROP SEQUENCE IF EXISTS engines_id_seq;
CREATE SEQUENCE engines_id_seq INCREMENT 1 MINVALUE 1 MAXVALUE 2147483647 CACHE 1;

CREATE TABLE "public"."engines" (
    "id" integer DEFAULT nextval('engines_id_seq') NOT NULL,
    "name" character varying(100) NOT NULL,
    CONSTRAINT "engines_pkey" PRIMARY KEY ("id")
)
WITH (oids = false);

INSERT INTO "engines" ("id", "name") VALUES
(1,	'2.0L I4'),
(2,	'2.5L I4'),
(3,	'3.5L V6'),
(4,	'3.0L Turbo I6'),
(5,	'3.0L Turbo V6'),
(6,	'5.0L V8'),
(7,	'2.0L Turbo I4'),
(8,	'Electric Motor (EV)'),
(9,	'Hybrid 2.5L'),
(10,	'1.6L Turbo I4'),
(11,	'Diesel 2.8L');

DROP TABLE IF EXISTS "issues";
DROP SEQUENCE IF EXISTS issues_id_seq;
CREATE SEQUENCE issues_id_seq INCREMENT 1 MINVALUE 1 MAXVALUE 2147483647 CACHE 1;

CREATE TABLE "public"."issues" (
    "id" integer DEFAULT nextval('issues_id_seq') NOT NULL,
    "name" character varying(150) NOT NULL,
    "severity" character varying(20),
    "details" text,
    CONSTRAINT "issues_pkey" PRIMARY KEY ("id")
)
WITH (oids = false);

INSERT INTO "issues" ("id", "name", "severity", "details") VALUES
(1,	'Transmission hesitation',	'medium',	'Hesitation during low-speed acceleration'),
(2,	'Excessive oil consumption',	'medium',	'2.5L engines prone to burning oil early'),
(3,	'EVAP system failure',	'low',	'Charcoal canister or purge valve causes CEL'),
(4,	'Water pump seepage',	'low',	'Coolant seep observed around pump housing'),
(5,	'Rear differential whine',	'low',	'Noticed at highway speeds'),
(6,	'Fuel pump recall issue',	'high',	'Engine can stall at speed'),
(7,	'Heat pump failure',	'high',	'HVAC stops working below freezing'),
(8,	'Suspension link premature wear',	'medium',	'Rear links wear faster'),
(9,	'Panel alignment issues',	'low',	'Body panel fitment inconsistent'),
(10,	'Charge port door sensor fault',	'low',	'Door may not open/close consistently'),
(11,	'Camera calibration failures',	'medium',	'Autopilot cameras misalign'),
(12,	'Battery coolant leak',	'high',	'Coolant ingress into battery pack'),
(13,	'CVT slip',	'medium',	'Hesitation when cold'),
(14,	'AC evaporator leak',	'low',	'Weak AC output'),
(15,	'Fuel pump failure',	'high',	'Recall for pump impeller swelling'),
(16,	'Front strut noise',	'low',	'Popping sound on bumps'),
(17,	'O2 sensor failure',	'medium',	'May trigger CEL'),
(18,	'Windshield stress cracks',	'low',	'Cracks near lower seal'),
(19,	'Oil dilution',	'medium',	'Fuel mixed with oil in 1.5T engines'),
(20,	'AC compressor failure',	'high',	'Common across 2016–2020 models'),
(21,	'Rear differential noise',	'low',	'Moaning noise on turns'),
(22,	'Starter motor failure',	'medium',	'Clicks but won’t crank'),
(23,	'Turbo lag',	'low',	'Delay in boost at low RPM'),
(24,	'Infotainment rebooting',	'low',	'Head unit resets randomly'),
(25,	'CVT overheating',	'medium',	'High-speed driving can overheat CVT'),
(26,	'Water pump leak',	'low',	'Leak around pump gasket'),
(27,	'Steering column clicking',	'low',	'Noise when turning wheel'),
(28,	'Fuel injector clogging',	'medium',	'Rough idle or misfire'),
(29,	'Coil pack failures',	'medium',	'Ignition coil breakdown'),
(30,	'Premature brake wear',	'low',	'Front pads wear quickly'),
(31,	'HV battery heater failure',	'high',	'Heating element fails in cold climates'),
(32,	'PHEV inverter failure',	'high',	'Loss of propulsion'),
(33,	'Suspension bushing wear',	'medium',	'Clunking from front end'),
(34,	'Charge port communication errors',	'medium',	'CP or PP pin glitch'),
(35,	'Air conditioning compressor noise',	'low',	'High-pitched whine'),
(36,	'Infotainment lag',	'low',	'Screen freezing or lagging'),
(37,	'Cam phaser rattle',	'high',	'5.0L & 3.5L known issue'),
(38,	'10-speed transmission harsh shifts',	'medium',	'Harsh 1–3 gear shifts'),
(39,	'Water pump internal leak',	'high',	'Coolant leaks internally'),
(40,	'Exhaust manifold bolt failure',	'high',	'Ticking noise from engine'),
(41,	'Driveline vibration',	'medium',	'Shudder at 40–60 mph'),
(42,	'Steering assist failure',	'high',	'EPS module failure'),
(43,	'Lifter collapse',	'high',	'5.3 and 6.2 V8 active lifter failures'),
(44,	'Torque converter shudder',	'medium',	'8-speed problems'),
(45,	'Fuel pump failure',	'high',	'Low pressure pump fails'),
(46,	'Rear leaf spring squeak',	'low',	'Squeaking over bumps'),
(47,	'AC condenser crack',	'medium',	'Loss of refrigerant'),
(48,	'Steering intermediate shaft noise',	'low',	'Clunk in steering'),
(49,	'AC condenser cracks',	'medium',	'Common on multiple generations'),
(50,	'Fuel injector failure',	'medium',	'Turbo models prone to injector clog'),
(51,	'Infotainment freezing',	'low',	'HondaLink crashes'),
(52,	'Parking brake actuator fault',	'low',	'Electronic brake issues'),
(53,	'Wheel bearing noise',	'low',	'Humming at speed'),
(54,	'Paint fading',	'low',	'Premature clear coat wear'),
(55,	'Injector seat leak',	'high',	'Diesel models prone'),
(56,	'DPF blockage',	'high',	'Clogging in short-distance driving'),
(57,	'Steering rack play',	'medium',	'Excessive play in rack'),
(58,	'Rear leaf spring breakage',	'high',	'Cracks in springs'),
(59,	'Turbo actuator failure',	'medium',	'Loss of boost control'),
(60,	'Alternator failure',	'medium',	'Charging issues'),
(61,	'Water pump failure',	'medium',	'Thermostat housing leaks'),
(62,	'Carbon buildup',	'high',	'TSI engines carbon on valves'),
(63,	'Electronic parking brake faults',	'medium',	'Sensor glitches'),
(64,	'Timing chain stretch',	'high',	'Rattle on cold start'),
(65,	'Turbo wastegate rattle',	'medium',	'Loose wastegate flapper'),
(66,	'DSG shudder',	'medium',	'DCT transmission shudder'),
(67,	'DCT overheating',	'medium',	'7-speed DCT overheating'),
(68,	'Crankshaft sensor failure',	'medium',	'Hard starting'),
(69,	'Paint peeling',	'low',	'Common in white paint'),
(70,	'Steering column knock',	'low',	'Rubber coupler wear'),
(71,	'AC evaporator mold odor',	'low',	'Musty smell'),
(72,	'Coolant leak at water outlet',	'high',	'Thermostat housing crack'),
(73,	'Oil dilution (2.5L)',	'medium',	'Fuel mixes with oil slightly'),
(74,	'Torque converter vibration',	'medium',	'Shudder under load'),
(75,	'Water pump leak',	'low',	'Coolant dripping from pump'),
(76,	'Rear suspension clunk',	'low',	'Sway bar bushing wear'),
(77,	'Radio freezing',	'low',	'Multimedia lockup'),
(78,	'Cold start rattle',	'low',	'VVTi gear noise'),
(79,	'Heat pump valve failure',	'high',	'HVAC stops heating'),
(80,	'Door handle sensor fault',	'medium',	'Door does not open'),
(81,	'Suspension arm cracks',	'high',	'Control arm failures'),
(82,	'Screen reboot while driving',	'medium',	'MCU overheating'),
(83,	'Water ingress into trunk',	'medium',	'Poor rear sealing'),
(84,	'Autopilot disengagement',	'medium',	'Sensor misreadings'),
(85,	'Hybrid battery cooling issue',	'high',	'Cooling pump fails'),
(86,	'Inverter noise',	'medium',	'High-pitched whine'),
(87,	'12V battery drain',	'medium',	'Parasitic draw'),
(88,	'Suspension top mount noise',	'low',	'Clunk at low speeds'),
(89,	'AC refrigerant leak',	'medium',	'Evaporator line leak'),
(90,	'Charging port sensor error',	'low',	'Door not detected'),
(91,	'DCT shudder',	'medium',	'7-speed DCT'),
(92,	'Turbo oil starvation',	'high',	'Oil feed line clog'),
(93,	'Wind noise',	'low',	'Mirror whistle'),
(94,	'Headlight condensation',	'low',	'Moisture inside housing'),
(95,	'Rear diff noise',	'medium',	'Howling sound'),
(96,	'Fuel injector deposits',	'medium',	'Rough idle'),
(97,	'CVT belt wear',	'high',	'Jatco CVT issues'),
(98,	'Brake booster failure',	'medium',	'Hard pedal feel'),
(99,	'Rear hatch wiring break',	'medium',	'Broken wires'),
(100,	'Wheel bearing early wear',	'low',	'Humming noise'),
(101,	'AC clutch failure',	'medium',	'Loss of cooling'),
(102,	'Catalytic converter failure',	'high',	'Rattling substrate'),
(103,	'Hemi tick',	'high',	'Lifter/lobe wear'),
(104,	'Exhaust manifold bolt breaks',	'high',	'Ticking cold'),
(105,	'EGR valve clogging',	'medium',	'Diesel models'),
(106,	'Engine misfire',	'medium',	'Coil pack failure'),
(107,	'Driveshaft vibration',	'medium',	'Angle misalignment'),
(108,	'Water pump leak',	'medium',	'Coolant loss'),
(109,	'Carbon buildup',	'high',	'Intake valve deposits'),
(110,	'Infotainment reboots',	'low',	'CMU resets'),
(111,	'AC compressor failure',	'high',	'Sudden loss of cooling'),
(112,	'Brake booster failure',	'medium',	'Soft pedal feel'),
(113,	'Cylinder misfire',	'medium',	'Coil or injector issue'),
(114,	'Rear differential noise',	'low',	'Howling sound'),
(115,	'CVT pulley wear',	'medium',	'High RPM flare'),
(116,	'AC evaporator leak',	'medium',	'Loss of cooling'),
(117,	'Steering coupler wear',	'low',	'Clicking noise'),
(118,	'Knock sensor false triggers',	'high',	'Engine power reduced'),
(119,	'Wheel alignment drift',	'low',	'Steering pulls'),
(120,	'Fuel pump relay failure',	'medium',	'Hard starting'),
(121,	'Oil consumption',	'medium',	'Higher oil use in 2.5L engines'),
(122,	'Water pump seepage',	'low',	'Slow coolant seepage from pump housing'),
(123,	'Rear differential noise',	'low',	'Humming noise at 40–60 mph'),
(124,	'Panel gap alignment',	'low',	'Body panel alignment varies between builds'),
(125,	'HVAC controller fault',	'medium',	'Cabin HVAC may intermittently shut off'),
(126,	'Drive unit vibration',	'medium',	'Light vibration during acceleration'),
(127,	'CVT shudder',	'medium',	'Slight vibration on takeoff from CVT'),
(128,	'Weak AC performance',	'low',	'AC not as cold in high heat'),
(129,	'Wheel bearing noise',	'low',	'Humming noise at 50+ mph'),
(130,	'Turbo lag',	'low',	'1.5T engine has noticeable low-rpm lag'),
(131,	'Fuel dilution',	'high',	'Gas mixing with oil in cold climates'),
(132,	'AC compressor failure',	'high',	'Common compressor lock-up'),
(133,	'CVT belt wear',	'medium',	'High-mileage CVT units may slip'),
(134,	'Starter motor click',	'low',	'Intermittent no-start click'),
(135,	'O2 sensor aging',	'low',	'Causes rough idle and CEL'),
(136,	'12V battery drain',	'medium',	'Parasitic loss on DC-DC converter'),
(137,	'Inverter overheating',	'high',	'Inverter temp spikes under load'),
(138,	'Suspension knocking',	'low',	'Front end clunk on uneven roads'),
(139,	'Cam phaser rattle',	'high',	'3.5 EcoBoost phasers wear early'),
(140,	'Turbo wastegate rattle',	'medium',	'Common rattling when cold'),
(141,	'Electrical gremlins',	'medium',	'Body control module glitches'),
(142,	'Transmission shutter',	'high',	'8-speed shudder under light throttle'),
(143,	'Lifter failure',	'high',	'5.3L lifters collapse frequently'),
(144,	'Rear leaf spring squeak',	'low',	'Noise over bumps'),
(145,	'A/C condenser leak',	'high',	'Factory condenser prone to early leak'),
(146,	'CVT whining',	'medium',	'Whine at higher mileage'),
(147,	'Paint clear-coat wear',	'low',	'Sun fade on roof and hood'),
(148,	'Diesel injector rattle',	'medium',	'Injector knock at idle'),
(149,	'DPF clogging',	'high',	'Frequent regen required'),
(150,	'Leaf spring sag',	'low',	'Rear suspension sag under load'),
(151,	'Water pump failure',	'high',	'2.0T pump prone to leaking'),
(152,	'Coil pack misfires',	'medium',	'Intermittent misfire under load'),
(153,	'Sunroof rattle',	'low',	'Rattle over rough pavement'),
(154,	'Dual-clutch hesitation',	'medium',	'Slow takeoff from stop'),
(155,	'Brake booster failure',	'high',	'Loss of assist when hot'),
(156,	'Window regulator failure',	'low',	'Front windows jam'),
(157,	'Torque converter shudder',	'medium',	'8-speed transmission shudder'),
(158,	'Dashboard rattles',	'low',	'Rattle at 1500–2000 rpm'),
(159,	'Hybrid water pump failure',	'medium',	'Early noise from pump'),
(160,	'Upper control arm squeak',	'medium',	'Common dry joint noise'),
(161,	'Charging port actuator fault',	'medium',	'Door may stick'),
(162,	'MCU screen bubbles',	'low',	'Heat causes adhesive bubbling'),
(163,	'Battery heater failure',	'medium',	'Poor heating in cold weather'),
(164,	'Brake booster noise',	'low',	'Hissing sound under braking'),
(165,	'Infotainment lag',	'low',	'Slow UI response'),
(166,	'Oil pump failure',	'high',	'2.5L oil pump failure risk'),
(167,	'Rear diff noise',	'medium',	'Whine at 60–70 mph'),
(168,	'Touchscreen freezing',	'low',	'Infotainment requires reboot'),
(169,	'CVT overheat',	'high',	'CVT overheats in high ambient temps'),
(170,	'Power window switch failure',	'low',	'Driver window switch fails'),
(171,	'Steering rack clunk',	'medium',	'Clunk over bumps'),
(172,	'Hemi tick',	'medium',	'Lifter tick in 5.7 Hemi'),
(173,	'E-torque failure',	'high',	'Mild hybrid generator failure'),
(174,	'Rust on tailgate',	'low',	'Early rust around seams'),
(175,	'Valve carbon buildup',	'medium',	'Direct-injection deposits'),
(176,	'Infotainment reboot',	'low',	'System reboots randomly'),
(177,	'Rear brake wear',	'medium',	'Fast rear pad wear'),
(178,	'Knock sensor false trigger',	'medium',	'Pinging falsely detected'),
(179,	'IVT belt slip',	'medium',	'CVT belt slipping noise'),
(180,	'Paint chipping',	'low',	'Easy rock-chip damage');

DROP TABLE IF EXISTS "maintenance";
DROP SEQUENCE IF EXISTS maintenance_id_seq;
CREATE SEQUENCE maintenance_id_seq INCREMENT 1 MINVALUE 1 MAXVALUE 2147483647 CACHE 1;

CREATE TABLE "public"."maintenance" (
    "id" integer DEFAULT nextval('maintenance_id_seq') NOT NULL,
    "name" character varying(100) NOT NULL,
    "default_interval" character varying(100),
    "severity" character varying(20),
    "details" text,
    "interval_miles" integer,
    "interval_months" integer,
    CONSTRAINT "maintenance_pkey" PRIMARY KEY ("id")
)
WITH (oids = false);

INSERT INTO "maintenance" ("id", "name", "default_interval", "severity", "details", "interval_miles", "interval_months") VALUES
(1,	'Engine Oil & Filter',	'10,000 miles / 12 months',	'low',	'Use full synthetic oil',	NULL,	NULL),
(2,	'Brake Fluid Change',	'2 years',	'medium',	'DOT4 recommended',	NULL,	NULL),
(3,	'Transmission Service',	'60,000 miles',	'high',	'Replace ATF',	NULL,	NULL),
(4,	'Cabin Air Filter',	'15,000 miles',	'low',	'Replace cabin filter',	NULL,	NULL),
(5,	'Spark Plugs',	'40,000 miles',	'medium',	'Use OEM plugs',	NULL,	NULL),
(6,	'Engine Oil & Filter',	'7,500 – 10,000 miles or 12 months',	'low',	'Use full synthetic oil, viscosity depends on vehicle',	NULL,	NULL),
(7,	'Brake Fluid Change',	'Every 2–3 years',	'medium',	'Use DOT3 or DOT4 depending on model',	NULL,	NULL),
(8,	'Transmission Fluid Service',	'60,000 – 100,000 miles',	'high',	'Replace ATF, CVT, or DCT fluid depending on transmission',	NULL,	NULL),
(9,	'Engine Air Filter',	'Every 15,000 miles',	'low',	'Replace air filter',	NULL,	NULL),
(10,	'Cabin Air Filter',	'15,000 – 20,000 miles',	'low',	'Replace cabin filter',	NULL,	NULL),
(11,	'Spark Plugs',	'40,000 – 60,000 miles',	'medium',	'Use OEM iridium plugs',	NULL,	NULL),
(12,	'Coolant Flush',	'100,000 miles or 5 years',	'medium',	'Replace long-life coolant',	NULL,	NULL),
(13,	'Brake Pads',	'25,000 – 60,000 miles',	'medium',	'Front pads wear faster',	NULL,	NULL),
(14,	'Timing Belt / Chain',	'Check at 100,000 miles',	'high',	'Some models use chains with no replacement interval',	NULL,	NULL),
(15,	'Engine Oil & Filter',	'7,500 – 10,000 miles / 12 months',	'low',	'Use full synthetic oil. Brand-specific viscosity applies.',	NULL,	NULL),
(16,	'Engine Air Filter',	'15,000 miles / 24 months',	'low',	'Replace engine intake filter.',	NULL,	NULL),
(17,	'Cabin Air Filter',	'15,000 – 20,000 miles',	'low',	'Replace cabin HVAC filter.',	NULL,	NULL),
(18,	'Brake Fluid Flush',	'2 – 3 years',	'medium',	'Use DOT3 or DOT4 as required.',	NULL,	NULL),
(19,	'Transmission Fluid / CVT Service',	'60,000 – 100,000 miles',	'high',	'Replace ATF, CVT, or DCT fluid depending on model.',	NULL,	NULL),
(20,	'Coolant Flush',	'100,000 miles / 5 years',	'medium',	'Replace long-life coolant.',	NULL,	NULL),
(21,	'Spark Plugs',	'40,000 – 60,000 miles',	'medium',	'Use iridium spark plugs only.',	NULL,	NULL),
(22,	'Timing Belt / Chain Inspection',	'100,000 miles',	'high',	'Replace belt if equipped; chain usually lifetime.',	NULL,	NULL),
(23,	'Brake Pads & Rotors',	'25,000 – 60,000 miles',	'medium',	'Front brakes wear faster.',	NULL,	NULL),
(24,	'Tire Rotation',	'5,000 – 7,500 miles',	'low',	'Rotate all four tires.',	NULL,	NULL),
(25,	'Battery Service (12V)',	'3 – 5 years',	'medium',	'Test and replace auxiliary battery.',	NULL,	NULL),
(26,	'EV Battery Coolant Service',	'100,000 miles / 8 years',	'medium',	'Applicable only to EVs (Tesla, BYD).',	NULL,	NULL),
(27,	'Engine Oil & Filter',	NULL,	NULL,	'Full synthetic; replace filter every service',	7500,	12),
(28,	'Engine Air Filter',	NULL,	NULL,	'Replace air filter',	15000,	24),
(29,	'Cabin Air Filter',	NULL,	NULL,	'Replace cabin filter',	15000,	18),
(30,	'Brake Fluid Change',	NULL,	NULL,	'Flush brake fluid',	30000,	36),
(31,	'Coolant Replacement',	NULL,	NULL,	'Replace engine coolant',	60000,	60),
(32,	'Transmission Fluid',	NULL,	NULL,	'Automatic transmission service',	60000,	60),
(33,	'EV Battery Coolant',	NULL,	NULL,	'High-voltage battery coolant replacement',	100000,	120),
(34,	'Spark Plug Replacement',	NULL,	NULL,	'Replace spark plugs',	90000,	72),
(35,	'Drive Belt Inspection',	NULL,	NULL,	'Inspect accessory belts',	30000,	24),
(36,	'Tire Rotation',	NULL,	NULL,	'Rotate tires',	6000,	6),
(37,	'Brake Pad Inspection',	NULL,	NULL,	'Inspect pads and rotors',	10000,	12),
(38,	'Hybrid System Check',	NULL,	NULL,	'Check hybrid battery and inverter',	30000,	36);

DROP TABLE IF EXISTS "trim_drivetrains";
DROP SEQUENCE IF EXISTS trim_drivetrains_id_seq;
CREATE SEQUENCE trim_drivetrains_id_seq INCREMENT 1 MINVALUE 1 MAXVALUE 2147483647 CACHE 1;

CREATE TABLE "public"."trim_drivetrains" (
    "id" integer DEFAULT nextval('trim_drivetrains_id_seq') NOT NULL,
    "trim_id" integer,
    "drivetrain_id" integer,
    CONSTRAINT "trim_drivetrains_pkey" PRIMARY KEY ("id")
)
WITH (oids = false);

INSERT INTO "trim_drivetrains" ("id", "trim_id", "drivetrain_id") VALUES
(1,	13,	1),
(2,	14,	1),
(3,	15,	1),
(4,	16,	1),
(5,	13,	3),
(6,	14,	3),
(7,	15,	3),
(8,	16,	3),
(9,	13,	1),
(10,	13,	3),
(11,	14,	1),
(12,	14,	3),
(13,	15,	1),
(14,	15,	3),
(15,	16,	1),
(16,	16,	3),
(17,	17,	1),
(18,	17,	2),
(19,	18,	3),
(20,	19,	3),
(21,	20,	1),
(22,	21,	1),
(23,	22,	1),
(24,	20,	3),
(25,	21,	3),
(26,	22,	3),
(27,	23,	1),
(28,	24,	1),
(29,	25,	1),
(30,	26,	1),
(31,	23,	3),
(32,	24,	3),
(33,	25,	3),
(34,	26,	3),
(35,	27,	1),
(36,	28,	1),
(37,	29,	1),
(38,	30,	1),
(39,	31,	1),
(43,	35,	2),
(44,	36,	2),
(45,	37,	2),
(46,	38,	2),
(47,	39,	2),
(48,	35,	4),
(49,	36,	4),
(50,	37,	4),
(51,	38,	4),
(52,	39,	4),
(53,	40,	2),
(54,	41,	2),
(55,	42,	2),
(56,	43,	2),
(57,	44,	2),
(58,	40,	4),
(59,	41,	4),
(60,	42,	4),
(61,	43,	4),
(62,	44,	4),
(63,	45,	1),
(64,	46,	1),
(65,	47,	1),
(66,	48,	1),
(67,	49,	4),
(68,	50,	4),
(69,	51,	4),
(70,	52,	4),
(71,	53,	1),
(72,	54,	1),
(73,	55,	1),
(74,	56,	1),
(75,	53,	3),
(76,	54,	3),
(77,	55,	3),
(78,	56,	3),
(79,	57,	1),
(80,	58,	1),
(81,	59,	1),
(82,	60,	1),
(83,	57,	3),
(84,	58,	3),
(85,	59,	3),
(86,	60,	3),
(87,	61,	1),
(88,	62,	1),
(89,	63,	1),
(90,	64,	1),
(91,	65,	1),
(92,	61,	3),
(93,	62,	3),
(94,	63,	3),
(95,	64,	3),
(96,	65,	3),
(103,	72,	1),
(104,	73,	1),
(105,	74,	1),
(106,	75,	1),
(107,	72,	3),
(108,	73,	3),
(109,	74,	3),
(110,	75,	3),
(111,	76,	1),
(112,	77,	1),
(113,	78,	1),
(114,	79,	1),
(115,	76,	3),
(116,	77,	3),
(117,	78,	3),
(118,	79,	3),
(119,	80,	2),
(120,	81,	2),
(121,	82,	2),
(122,	83,	2),
(123,	84,	2),
(124,	80,	4),
(125,	81,	4),
(126,	82,	4),
(127,	83,	4),
(128,	84,	4),
(129,	85,	1),
(130,	86,	1),
(131,	87,	1),
(132,	88,	1),
(133,	85,	3),
(134,	86,	3),
(135,	87,	3),
(136,	88,	3),
(137,	89,	1),
(138,	90,	1),
(139,	91,	1),
(140,	92,	1);

DROP TABLE IF EXISTS "trim_engines";
DROP SEQUENCE IF EXISTS trim_engines_id_seq;
CREATE SEQUENCE trim_engines_id_seq INCREMENT 1 MINVALUE 1 MAXVALUE 2147483647 CACHE 1;

CREATE TABLE "public"."trim_engines" (
    "id" integer DEFAULT nextval('trim_engines_id_seq') NOT NULL,
    "trim_id" integer,
    "engine_id" integer,
    CONSTRAINT "trim_engines_pkey" PRIMARY KEY ("id")
)
WITH (oids = false);

INSERT INTO "trim_engines" ("id", "trim_id", "engine_id") VALUES
(1,	13,	2),
(2,	14,	2),
(3,	15,	2),
(4,	16,	2),
(5,	13,	2),
(6,	14,	2),
(7,	15,	9),
(8,	16,	2),
(9,	17,	8),
(10,	18,	8),
(11,	19,	8),
(12,	20,	1),
(13,	21,	1),
(14,	22,	1),
(15,	23,	10),
(16,	24,	10),
(17,	25,	9),
(18,	26,	9),
(19,	27,	1),
(20,	28,	1),
(21,	29,	1),
(22,	30,	1),
(23,	31,	1),
(24,	32,	8),
(25,	33,	8),
(26,	34,	9),
(27,	35,	3),
(28,	36,	3),
(29,	37,	3),
(30,	38,	6),
(31,	39,	6),
(32,	40,	6),
(33,	41,	6),
(34,	42,	6),
(35,	43,	6),
(36,	44,	6),
(37,	45,	1),
(38,	46,	1),
(39,	47,	10),
(40,	48,	10),
(41,	49,	11),
(42,	50,	11),
(43,	51,	11),
(44,	52,	11),
(45,	53,	7),
(46,	54,	7),
(47,	55,	7),
(48,	56,	7),
(49,	57,	2),
(50,	58,	2),
(51,	59,	10),
(52,	60,	2),
(53,	61,	2),
(54,	62,	2),
(55,	63,	2),
(56,	64,	3),
(57,	65,	3),
(58,	66,	8),
(59,	67,	8),
(60,	68,	8),
(61,	69,	8),
(62,	70,	8),
(63,	71,	9),
(64,	72,	2),
(65,	73,	2),
(66,	74,	10),
(67,	75,	10),
(68,	76,	2),
(69,	77,	2),
(70,	78,	2),
(71,	79,	2),
(72,	80,	6),
(73,	81,	6),
(74,	82,	6),
(75,	83,	4),
(76,	84,	6),
(77,	85,	2),
(78,	86,	2),
(79,	87,	7),
(80,	88,	7),
(81,	89,	1),
(82,	90,	1),
(83,	91,	1),
(84,	92,	10);

DROP TABLE IF EXISTS "trims";
DROP SEQUENCE IF EXISTS trims_id_seq;
CREATE SEQUENCE trims_id_seq INCREMENT 1 MINVALUE 1 MAXVALUE 2147483647 CACHE 1;

CREATE TABLE "public"."trims" (
    "id" integer DEFAULT nextval('trims_id_seq') NOT NULL,
    "name" character varying(100) NOT NULL,
    "vehicle_id" integer,
    CONSTRAINT "trims_pkey" PRIMARY KEY ("id")
)
WITH (oids = false);

INSERT INTO "trims" ("id", "name", "vehicle_id") VALUES
(13,	'LE',	1),
(14,	'XLE',	1),
(15,	'XSE Hybrid',	1),
(16,	'Limited',	1),
(17,	'Standard Range RWD',	2),
(18,	'Long Range AWD',	2),
(19,	'Performance AWD',	2),
(20,	'L',	3),
(21,	'LE',	3),
(22,	'XLE',	3),
(23,	'LX',	4),
(24,	'EX',	4),
(25,	'Sport',	4),
(26,	'EX-L',	4),
(27,	'L',	5),
(28,	'LE',	5),
(29,	'XLE',	5),
(30,	'SE',	5),
(31,	'XSE',	5),
(32,	'EV Standard',	6),
(33,	'EV Long Range',	6),
(34,	'PHEV DM-i',	6),
(35,	'XL',	7),
(36,	'XLT',	7),
(37,	'Lariat',	7),
(38,	'King Ranch',	7),
(39,	'Platinum',	7),
(40,	'WT',	8),
(41,	'LT',	8),
(42,	'RST',	8),
(43,	'LTZ',	8),
(44,	'High Country',	8),
(45,	'LX',	9),
(46,	'Sport',	9),
(47,	'EX',	9),
(48,	'Touring',	9),
(49,	'Workmate',	10),
(50,	'SR',	10),
(51,	'SR5',	10),
(52,	'Rogue',	10),
(53,	'S',	11),
(54,	'SE',	11),
(55,	'SEL',	11),
(56,	'R-Line',	11),
(57,	'SE',	12),
(58,	'SEL',	12),
(59,	'N Line',	12),
(60,	'Limited',	12),
(61,	'LE',	13),
(62,	'SE',	13),
(63,	'XLE',	13),
(64,	'XSE',	13),
(65,	'TRD',	13),
(66,	'RWD',	14),
(67,	'Long Range AWD',	14),
(68,	'Performance AWD',	14),
(69,	'EV Standard',	15),
(70,	'EV Long Range',	15),
(71,	'PHEV DM-i',	15),
(72,	'LX',	16),
(73,	'EX',	16),
(74,	'SX',	16),
(75,	'SX Prestige',	16),
(76,	'S',	17),
(77,	'SV',	17),
(78,	'SL',	17),
(79,	'Platinum',	17),
(80,	'Tradesman',	18),
(81,	'Big Horn',	18),
(82,	'Laramie',	18),
(83,	'Rebel',	18),
(84,	'Limited',	18),
(85,	'Sport',	19),
(86,	'Touring',	19),
(87,	'Grand Touring',	19),
(88,	'Signature',	19),
(89,	'SE',	20),
(90,	'SEL',	20),
(91,	'Limited',	20),
(92,	'N Line',	20);

DROP TABLE IF EXISTS "vehicle_issues";
DROP SEQUENCE IF EXISTS vehicle_issues_id_seq;
CREATE SEQUENCE vehicle_issues_id_seq INCREMENT 1 MINVALUE 1 MAXVALUE 2147483647 CACHE 1;

CREATE TABLE "public"."vehicle_issues" (
    "id" integer DEFAULT nextval('vehicle_issues_id_seq') NOT NULL,
    "vehicle_id" integer,
    "issue_id" integer,
    CONSTRAINT "vehicle_issues_pkey" PRIMARY KEY ("id")
)
WITH (oids = false);

INSERT INTO "vehicle_issues" ("id", "vehicle_id", "issue_id") VALUES
(1,	1,	1),
(2,	1,	2),
(3,	1,	3),
(4,	1,	4),
(5,	1,	5),
(6,	1,	6),
(7,	2,	7),
(8,	2,	8),
(9,	2,	9),
(10,	2,	10),
(11,	2,	11),
(12,	2,	12),
(13,	3,	13),
(14,	3,	14),
(15,	3,	15),
(16,	3,	16),
(17,	3,	17),
(18,	3,	18),
(19,	4,	19),
(20,	4,	20),
(21,	4,	21),
(22,	4,	22),
(23,	4,	23),
(24,	4,	24),
(25,	5,	25),
(26,	5,	26),
(27,	5,	27),
(28,	5,	28),
(29,	5,	29),
(30,	5,	30),
(31,	6,	31),
(32,	6,	32),
(33,	6,	33),
(34,	6,	34),
(35,	6,	35),
(36,	6,	36),
(37,	7,	37),
(38,	7,	38),
(39,	7,	39),
(40,	7,	40),
(41,	7,	41),
(42,	7,	42),
(43,	8,	43),
(44,	8,	44),
(45,	8,	45),
(46,	8,	46),
(47,	8,	47),
(48,	8,	48),
(49,	9,	49),
(50,	9,	50),
(51,	9,	51),
(52,	9,	52),
(53,	9,	53),
(54,	9,	54),
(55,	10,	55),
(56,	10,	56),
(57,	10,	57),
(58,	10,	58),
(59,	10,	59),
(60,	10,	60),
(61,	11,	61),
(62,	11,	62),
(63,	11,	63),
(64,	11,	64),
(65,	11,	65),
(66,	11,	66),
(67,	12,	67),
(68,	12,	68),
(69,	12,	69),
(70,	12,	70),
(71,	12,	71),
(72,	12,	72),
(73,	13,	73),
(74,	13,	74),
(75,	13,	75),
(76,	13,	76),
(77,	13,	77),
(78,	13,	78),
(79,	14,	79),
(80,	14,	80),
(81,	14,	81),
(82,	14,	82),
(83,	14,	83),
(84,	14,	84),
(85,	15,	85),
(86,	15,	86),
(87,	15,	87),
(88,	15,	88),
(89,	15,	89),
(90,	15,	90),
(91,	16,	91),
(92,	16,	92),
(93,	16,	93),
(94,	16,	94),
(95,	16,	95),
(96,	16,	96),
(97,	17,	97),
(98,	17,	98),
(99,	17,	99),
(100,	17,	100),
(101,	17,	101),
(102,	17,	102),
(103,	18,	103),
(104,	18,	104),
(105,	18,	105),
(106,	18,	106),
(107,	18,	107),
(108,	18,	108),
(109,	19,	109),
(110,	19,	110),
(111,	19,	111),
(112,	19,	112),
(113,	19,	113),
(114,	19,	114),
(115,	20,	115),
(116,	20,	116),
(117,	20,	117),
(118,	20,	118),
(119,	20,	119),
(120,	20,	120),
(121,	1,	1),
(122,	1,	2),
(123,	1,	3),
(124,	2,	4),
(125,	2,	5),
(126,	2,	6),
(127,	3,	7),
(128,	3,	8),
(129,	3,	9),
(130,	4,	10),
(131,	4,	11),
(132,	4,	12),
(133,	5,	13),
(134,	5,	14),
(135,	5,	15),
(136,	6,	16),
(137,	6,	17),
(138,	6,	18),
(139,	7,	19),
(140,	7,	20),
(141,	7,	21),
(142,	8,	22),
(143,	8,	23),
(144,	8,	24),
(145,	9,	25),
(146,	9,	26),
(147,	9,	27),
(148,	10,	28),
(149,	10,	29),
(150,	10,	30),
(151,	11,	31),
(152,	11,	32),
(153,	11,	33),
(154,	12,	34),
(155,	12,	35),
(156,	12,	36),
(157,	13,	37),
(158,	13,	38),
(159,	13,	39),
(160,	14,	40),
(161,	14,	41),
(162,	14,	42),
(163,	15,	43),
(164,	15,	44),
(165,	15,	45),
(166,	16,	46),
(167,	16,	47),
(168,	16,	48),
(169,	17,	49),
(170,	17,	50),
(171,	17,	51),
(172,	18,	52),
(173,	18,	53),
(174,	18,	54),
(175,	19,	55),
(176,	19,	56),
(177,	19,	57),
(178,	20,	58),
(179,	20,	59),
(180,	20,	60);

DROP TABLE IF EXISTS "vehicle_maintenance";
DROP SEQUENCE IF EXISTS vehicle_maintenance_id_seq;
CREATE SEQUENCE vehicle_maintenance_id_seq INCREMENT 1 MINVALUE 1 MAXVALUE 2147483647 CACHE 1;

CREATE TABLE "public"."vehicle_maintenance" (
    "id" integer DEFAULT nextval('vehicle_maintenance_id_seq') NOT NULL,
    "vehicle_id" integer NOT NULL,
    "maintenance_id" integer NOT NULL,
    "custom_interval" character varying(100),
    CONSTRAINT "vehicle_maintenance_pkey" PRIMARY KEY ("id")
)
WITH (oids = false);

INSERT INTO "vehicle_maintenance" ("id", "vehicle_id", "maintenance_id", "custom_interval") VALUES
(1,	1,	1,	NULL),
(2,	1,	2,	NULL),
(3,	1,	3,	NULL),
(4,	1,	4,	NULL),
(5,	1,	5,	NULL),
(6,	2,	1,	NULL),
(7,	2,	2,	NULL),
(8,	2,	3,	NULL),
(9,	2,	4,	NULL),
(10,	2,	5,	NULL),
(11,	3,	1,	NULL),
(12,	3,	2,	NULL),
(13,	3,	3,	NULL),
(14,	3,	4,	NULL),
(15,	3,	5,	NULL),
(16,	4,	1,	NULL),
(17,	4,	2,	NULL),
(18,	4,	3,	NULL),
(19,	4,	4,	NULL),
(20,	4,	5,	NULL),
(21,	5,	1,	NULL),
(22,	5,	2,	NULL),
(23,	5,	3,	NULL),
(24,	5,	4,	NULL),
(25,	5,	5,	NULL),
(26,	6,	1,	NULL),
(27,	6,	2,	NULL),
(28,	6,	3,	NULL),
(29,	6,	4,	NULL),
(30,	6,	5,	NULL),
(31,	7,	1,	NULL),
(32,	7,	2,	NULL),
(33,	7,	3,	NULL),
(34,	7,	4,	NULL),
(35,	7,	5,	NULL),
(36,	8,	1,	NULL),
(37,	8,	2,	NULL),
(38,	8,	3,	NULL),
(39,	8,	4,	NULL),
(40,	8,	5,	NULL),
(41,	9,	1,	NULL),
(42,	9,	2,	NULL),
(43,	9,	3,	NULL),
(44,	9,	4,	NULL),
(45,	9,	5,	NULL),
(46,	10,	1,	NULL),
(47,	10,	2,	NULL),
(48,	10,	3,	NULL),
(49,	10,	4,	NULL),
(50,	10,	5,	NULL),
(51,	11,	1,	NULL),
(52,	11,	2,	NULL),
(53,	11,	3,	NULL),
(54,	11,	4,	NULL),
(55,	11,	5,	NULL),
(56,	12,	1,	NULL),
(57,	12,	2,	NULL),
(58,	12,	3,	NULL),
(59,	12,	4,	NULL),
(60,	12,	5,	NULL),
(61,	13,	1,	NULL),
(62,	13,	2,	NULL),
(63,	13,	3,	NULL),
(64,	13,	4,	NULL),
(65,	13,	5,	NULL),
(66,	14,	1,	NULL),
(67,	14,	2,	NULL),
(68,	14,	3,	NULL),
(69,	14,	4,	NULL),
(70,	14,	5,	NULL),
(71,	15,	1,	NULL),
(72,	15,	2,	NULL),
(73,	15,	3,	NULL),
(74,	15,	4,	NULL),
(75,	15,	5,	NULL),
(76,	16,	1,	NULL),
(77,	16,	2,	NULL),
(78,	16,	3,	NULL),
(79,	16,	4,	NULL),
(80,	16,	5,	NULL),
(81,	17,	1,	NULL),
(82,	17,	2,	NULL),
(83,	17,	3,	NULL),
(84,	17,	4,	NULL),
(85,	17,	5,	NULL),
(86,	18,	1,	NULL),
(87,	18,	2,	NULL),
(88,	18,	3,	NULL),
(89,	18,	4,	NULL),
(90,	18,	5,	NULL),
(91,	19,	1,	NULL),
(92,	19,	2,	NULL),
(93,	19,	3,	NULL),
(94,	19,	4,	NULL),
(95,	19,	5,	NULL),
(96,	20,	1,	NULL),
(97,	20,	2,	NULL),
(98,	20,	3,	NULL),
(99,	20,	4,	NULL),
(100,	20,	5,	NULL),
(101,	1,	1,	NULL),
(102,	1,	2,	NULL),
(103,	1,	3,	NULL),
(104,	1,	4,	NULL),
(105,	1,	5,	NULL),
(106,	1,	6,	NULL),
(107,	1,	7,	NULL),
(108,	1,	8,	NULL),
(109,	1,	9,	NULL),
(110,	1,	10,	NULL),
(111,	1,	11,	NULL),
(112,	1,	12,	NULL),
(113,	1,	13,	NULL),
(114,	1,	14,	NULL),
(115,	2,	1,	NULL),
(116,	2,	2,	NULL),
(117,	2,	3,	NULL),
(118,	2,	4,	NULL),
(119,	2,	5,	NULL),
(120,	2,	6,	NULL),
(121,	2,	7,	NULL),
(122,	2,	8,	NULL),
(123,	2,	9,	NULL),
(124,	2,	10,	NULL),
(125,	2,	11,	NULL),
(126,	2,	12,	NULL),
(127,	2,	13,	NULL),
(128,	2,	14,	NULL),
(129,	3,	1,	NULL),
(130,	3,	2,	NULL),
(131,	3,	3,	NULL),
(132,	3,	4,	NULL),
(133,	3,	5,	NULL),
(134,	3,	6,	NULL),
(135,	3,	7,	NULL),
(136,	3,	8,	NULL),
(137,	3,	9,	NULL),
(138,	3,	10,	NULL),
(139,	3,	11,	NULL),
(140,	3,	12,	NULL),
(141,	3,	13,	NULL),
(142,	3,	14,	NULL),
(143,	4,	1,	NULL),
(144,	4,	2,	NULL),
(145,	4,	3,	NULL),
(146,	4,	4,	NULL),
(147,	4,	5,	NULL),
(148,	4,	6,	NULL),
(149,	4,	7,	NULL),
(150,	4,	8,	NULL),
(151,	4,	9,	NULL),
(152,	4,	10,	NULL),
(153,	4,	11,	NULL),
(154,	4,	12,	NULL),
(155,	4,	13,	NULL),
(156,	4,	14,	NULL),
(157,	5,	1,	NULL),
(158,	5,	2,	NULL),
(159,	5,	3,	NULL),
(160,	5,	4,	NULL),
(161,	5,	5,	NULL),
(162,	5,	6,	NULL),
(163,	5,	7,	NULL),
(164,	5,	8,	NULL),
(165,	5,	9,	NULL),
(166,	5,	10,	NULL),
(167,	5,	11,	NULL),
(168,	5,	12,	NULL),
(169,	5,	13,	NULL),
(170,	5,	14,	NULL),
(171,	6,	1,	NULL),
(172,	6,	2,	NULL),
(173,	6,	3,	NULL),
(174,	6,	4,	NULL),
(175,	6,	5,	NULL),
(176,	6,	6,	NULL),
(177,	6,	7,	NULL),
(178,	6,	8,	NULL),
(179,	6,	9,	NULL),
(180,	6,	10,	NULL),
(181,	6,	11,	NULL),
(182,	6,	12,	NULL),
(183,	6,	13,	NULL),
(184,	6,	14,	NULL),
(185,	7,	1,	NULL),
(186,	7,	2,	NULL),
(187,	7,	3,	NULL),
(188,	7,	4,	NULL),
(189,	7,	5,	NULL),
(190,	7,	6,	NULL),
(191,	7,	7,	NULL),
(192,	7,	8,	NULL),
(193,	7,	9,	NULL),
(194,	7,	10,	NULL),
(195,	7,	11,	NULL),
(196,	7,	12,	NULL),
(197,	7,	13,	NULL),
(198,	7,	14,	NULL),
(199,	8,	1,	NULL),
(200,	8,	2,	NULL),
(201,	8,	3,	NULL),
(202,	8,	4,	NULL),
(203,	8,	5,	NULL),
(204,	8,	6,	NULL),
(205,	8,	7,	NULL),
(206,	8,	8,	NULL),
(207,	8,	9,	NULL),
(208,	8,	10,	NULL),
(209,	8,	11,	NULL),
(210,	8,	12,	NULL),
(211,	8,	13,	NULL),
(212,	8,	14,	NULL),
(213,	9,	1,	NULL),
(214,	9,	2,	NULL),
(215,	9,	3,	NULL),
(216,	9,	4,	NULL),
(217,	9,	5,	NULL),
(218,	9,	6,	NULL),
(219,	9,	7,	NULL),
(220,	9,	8,	NULL),
(221,	9,	9,	NULL),
(222,	9,	10,	NULL),
(223,	9,	11,	NULL),
(224,	9,	12,	NULL),
(225,	9,	13,	NULL),
(226,	9,	14,	NULL),
(227,	10,	1,	NULL),
(228,	10,	2,	NULL),
(229,	10,	3,	NULL),
(230,	10,	4,	NULL),
(231,	10,	5,	NULL),
(232,	10,	6,	NULL),
(233,	10,	7,	NULL),
(234,	10,	8,	NULL),
(235,	10,	9,	NULL),
(236,	10,	10,	NULL),
(237,	10,	11,	NULL),
(238,	10,	12,	NULL),
(239,	10,	13,	NULL),
(240,	10,	14,	NULL),
(241,	11,	1,	NULL),
(242,	11,	2,	NULL),
(243,	11,	3,	NULL),
(244,	11,	4,	NULL),
(245,	11,	5,	NULL),
(246,	11,	6,	NULL),
(247,	11,	7,	NULL),
(248,	11,	8,	NULL),
(249,	11,	9,	NULL),
(250,	11,	10,	NULL),
(251,	11,	11,	NULL),
(252,	11,	12,	NULL),
(253,	11,	13,	NULL),
(254,	11,	14,	NULL),
(255,	12,	1,	NULL),
(256,	12,	2,	NULL),
(257,	12,	3,	NULL),
(258,	12,	4,	NULL),
(259,	12,	5,	NULL),
(260,	12,	6,	NULL),
(261,	12,	7,	NULL),
(262,	12,	8,	NULL),
(263,	12,	9,	NULL),
(264,	12,	10,	NULL),
(265,	12,	11,	NULL),
(266,	12,	12,	NULL),
(267,	12,	13,	NULL),
(268,	12,	14,	NULL),
(269,	13,	1,	NULL),
(270,	13,	2,	NULL),
(271,	13,	3,	NULL),
(272,	13,	4,	NULL),
(273,	13,	5,	NULL),
(274,	13,	6,	NULL),
(275,	13,	7,	NULL),
(276,	13,	8,	NULL),
(277,	13,	9,	NULL),
(278,	13,	10,	NULL),
(279,	13,	11,	NULL),
(280,	13,	12,	NULL),
(281,	13,	13,	NULL),
(282,	13,	14,	NULL),
(283,	14,	1,	NULL),
(284,	14,	2,	NULL),
(285,	14,	3,	NULL),
(286,	14,	4,	NULL),
(287,	14,	5,	NULL),
(288,	14,	6,	NULL),
(289,	14,	7,	NULL),
(290,	14,	8,	NULL),
(291,	14,	9,	NULL),
(292,	14,	10,	NULL),
(293,	14,	11,	NULL),
(294,	14,	12,	NULL),
(295,	14,	13,	NULL),
(296,	14,	14,	NULL),
(297,	15,	1,	NULL),
(298,	15,	2,	NULL),
(299,	15,	3,	NULL),
(300,	15,	4,	NULL),
(301,	15,	5,	NULL),
(302,	15,	6,	NULL),
(303,	15,	7,	NULL),
(304,	15,	8,	NULL),
(305,	15,	9,	NULL),
(306,	15,	10,	NULL),
(307,	15,	11,	NULL),
(308,	15,	12,	NULL),
(309,	15,	13,	NULL),
(310,	15,	14,	NULL),
(311,	16,	1,	NULL),
(312,	16,	2,	NULL),
(313,	16,	3,	NULL),
(314,	16,	4,	NULL),
(315,	16,	5,	NULL),
(316,	16,	6,	NULL),
(317,	16,	7,	NULL),
(318,	16,	8,	NULL),
(319,	16,	9,	NULL),
(320,	16,	10,	NULL),
(321,	16,	11,	NULL),
(322,	16,	12,	NULL),
(323,	16,	13,	NULL),
(324,	16,	14,	NULL),
(325,	17,	1,	NULL),
(326,	17,	2,	NULL),
(327,	17,	3,	NULL),
(328,	17,	4,	NULL),
(329,	17,	5,	NULL),
(330,	17,	6,	NULL),
(331,	17,	7,	NULL),
(332,	17,	8,	NULL),
(333,	17,	9,	NULL),
(334,	17,	10,	NULL),
(335,	17,	11,	NULL),
(336,	17,	12,	NULL),
(337,	17,	13,	NULL),
(338,	17,	14,	NULL),
(339,	18,	1,	NULL),
(340,	18,	2,	NULL),
(341,	18,	3,	NULL),
(342,	18,	4,	NULL),
(343,	18,	5,	NULL),
(344,	18,	6,	NULL),
(345,	18,	7,	NULL),
(346,	18,	8,	NULL),
(347,	18,	9,	NULL),
(348,	18,	10,	NULL),
(349,	18,	11,	NULL),
(350,	18,	12,	NULL),
(351,	18,	13,	NULL),
(352,	18,	14,	NULL),
(353,	19,	1,	NULL),
(354,	19,	2,	NULL),
(355,	19,	3,	NULL),
(356,	19,	4,	NULL),
(357,	19,	5,	NULL),
(358,	19,	6,	NULL),
(359,	19,	7,	NULL),
(360,	19,	8,	NULL),
(361,	19,	9,	NULL),
(362,	19,	10,	NULL),
(363,	19,	11,	NULL),
(364,	19,	12,	NULL),
(365,	19,	13,	NULL),
(366,	19,	14,	NULL),
(367,	20,	1,	NULL),
(368,	20,	2,	NULL),
(369,	20,	3,	NULL),
(370,	20,	4,	NULL),
(371,	20,	5,	NULL),
(372,	20,	6,	NULL),
(373,	20,	7,	NULL),
(374,	20,	8,	NULL),
(375,	20,	9,	NULL),
(376,	20,	10,	NULL),
(377,	20,	11,	NULL),
(378,	20,	12,	NULL),
(379,	20,	13,	NULL),
(380,	20,	14,	NULL),
(381,	1,	1,	NULL),
(382,	1,	2,	NULL),
(383,	1,	3,	NULL),
(384,	1,	4,	NULL),
(385,	1,	5,	NULL),
(386,	1,	6,	NULL),
(387,	1,	7,	NULL),
(388,	1,	8,	NULL),
(389,	1,	9,	NULL),
(390,	1,	10,	NULL),
(391,	1,	11,	NULL),
(392,	1,	12,	NULL),
(393,	1,	13,	NULL),
(394,	1,	14,	NULL),
(395,	1,	15,	NULL),
(396,	1,	16,	NULL),
(397,	1,	17,	NULL),
(398,	1,	18,	NULL),
(399,	1,	19,	NULL),
(400,	1,	20,	NULL),
(401,	1,	21,	NULL),
(402,	1,	22,	NULL),
(403,	1,	23,	NULL),
(404,	1,	24,	NULL),
(405,	1,	25,	NULL),
(406,	3,	1,	NULL),
(407,	3,	2,	NULL),
(408,	3,	3,	NULL),
(409,	3,	4,	NULL),
(410,	3,	5,	NULL),
(411,	3,	6,	NULL),
(412,	3,	7,	NULL),
(413,	3,	8,	NULL),
(414,	3,	9,	NULL),
(415,	3,	10,	NULL),
(416,	3,	11,	NULL),
(417,	3,	12,	NULL),
(418,	3,	13,	NULL),
(419,	3,	14,	NULL),
(420,	3,	15,	NULL),
(421,	3,	16,	NULL),
(422,	3,	17,	NULL),
(423,	3,	18,	NULL),
(424,	3,	19,	NULL),
(425,	3,	20,	NULL),
(426,	3,	21,	NULL),
(427,	3,	22,	NULL),
(428,	3,	23,	NULL),
(429,	3,	24,	NULL),
(430,	3,	25,	NULL),
(431,	4,	1,	NULL),
(432,	4,	2,	NULL),
(433,	4,	3,	NULL),
(434,	4,	4,	NULL),
(435,	4,	5,	NULL),
(436,	4,	6,	NULL),
(437,	4,	7,	NULL),
(438,	4,	8,	NULL),
(439,	4,	9,	NULL),
(440,	4,	10,	NULL),
(441,	4,	11,	NULL),
(442,	4,	12,	NULL),
(443,	4,	13,	NULL),
(444,	4,	14,	NULL),
(445,	4,	15,	NULL),
(446,	4,	16,	NULL),
(447,	4,	17,	NULL),
(448,	4,	18,	NULL),
(449,	4,	19,	NULL),
(450,	4,	20,	NULL),
(451,	4,	21,	NULL),
(452,	4,	22,	NULL),
(453,	4,	23,	NULL),
(454,	4,	24,	NULL),
(455,	4,	25,	NULL),
(456,	5,	1,	NULL),
(457,	5,	2,	NULL),
(458,	5,	3,	NULL),
(459,	5,	4,	NULL),
(460,	5,	5,	NULL),
(461,	5,	6,	NULL),
(462,	5,	7,	NULL),
(463,	5,	8,	NULL),
(464,	5,	9,	NULL),
(465,	5,	10,	NULL),
(466,	5,	11,	NULL),
(467,	5,	12,	NULL),
(468,	5,	13,	NULL),
(469,	5,	14,	NULL),
(470,	5,	15,	NULL),
(471,	5,	16,	NULL),
(472,	5,	17,	NULL),
(473,	5,	18,	NULL),
(474,	5,	19,	NULL),
(475,	5,	20,	NULL),
(476,	5,	21,	NULL),
(477,	5,	22,	NULL),
(478,	5,	23,	NULL),
(479,	5,	24,	NULL),
(480,	5,	25,	NULL),
(481,	7,	1,	NULL),
(482,	7,	2,	NULL),
(483,	7,	3,	NULL),
(484,	7,	4,	NULL),
(485,	7,	5,	NULL),
(486,	7,	6,	NULL),
(487,	7,	7,	NULL),
(488,	7,	8,	NULL),
(489,	7,	9,	NULL),
(490,	7,	10,	NULL),
(491,	7,	11,	NULL),
(492,	7,	12,	NULL),
(493,	7,	13,	NULL),
(494,	7,	14,	NULL),
(495,	7,	15,	NULL),
(496,	7,	16,	NULL),
(497,	7,	17,	NULL),
(498,	7,	18,	NULL),
(499,	7,	19,	NULL),
(500,	7,	20,	NULL),
(501,	7,	21,	NULL),
(502,	7,	22,	NULL),
(503,	7,	23,	NULL),
(504,	7,	24,	NULL),
(505,	7,	25,	NULL),
(506,	8,	1,	NULL),
(507,	8,	2,	NULL),
(508,	8,	3,	NULL),
(509,	8,	4,	NULL),
(510,	8,	5,	NULL),
(511,	8,	6,	NULL),
(512,	8,	7,	NULL),
(513,	8,	8,	NULL),
(514,	8,	9,	NULL),
(515,	8,	10,	NULL),
(516,	8,	11,	NULL),
(517,	8,	12,	NULL),
(518,	8,	13,	NULL),
(519,	8,	14,	NULL),
(520,	8,	15,	NULL),
(521,	8,	16,	NULL),
(522,	8,	17,	NULL),
(523,	8,	18,	NULL),
(524,	8,	19,	NULL),
(525,	8,	20,	NULL),
(526,	8,	21,	NULL),
(527,	8,	22,	NULL),
(528,	8,	23,	NULL),
(529,	8,	24,	NULL),
(530,	8,	25,	NULL),
(531,	9,	1,	NULL),
(532,	9,	2,	NULL),
(533,	9,	3,	NULL),
(534,	9,	4,	NULL),
(535,	9,	5,	NULL),
(536,	9,	6,	NULL),
(537,	9,	7,	NULL),
(538,	9,	8,	NULL),
(539,	9,	9,	NULL),
(540,	9,	10,	NULL),
(541,	9,	11,	NULL),
(542,	9,	12,	NULL),
(543,	9,	13,	NULL),
(544,	9,	14,	NULL),
(545,	9,	15,	NULL),
(546,	9,	16,	NULL),
(547,	9,	17,	NULL),
(548,	9,	18,	NULL),
(549,	9,	19,	NULL),
(550,	9,	20,	NULL),
(551,	9,	21,	NULL),
(552,	9,	22,	NULL),
(553,	9,	23,	NULL),
(554,	9,	24,	NULL),
(555,	9,	25,	NULL),
(556,	10,	1,	NULL),
(557,	10,	2,	NULL),
(558,	10,	3,	NULL),
(559,	10,	4,	NULL),
(560,	10,	5,	NULL),
(561,	10,	6,	NULL),
(562,	10,	7,	NULL),
(563,	10,	8,	NULL),
(564,	10,	9,	NULL),
(565,	10,	10,	NULL),
(566,	10,	11,	NULL),
(567,	10,	12,	NULL),
(568,	10,	13,	NULL),
(569,	10,	14,	NULL),
(570,	10,	15,	NULL),
(571,	10,	16,	NULL),
(572,	10,	17,	NULL),
(573,	10,	18,	NULL),
(574,	10,	19,	NULL),
(575,	10,	20,	NULL),
(576,	10,	21,	NULL),
(577,	10,	22,	NULL),
(578,	10,	23,	NULL),
(579,	10,	24,	NULL),
(580,	10,	25,	NULL),
(581,	11,	1,	NULL),
(582,	11,	2,	NULL),
(583,	11,	3,	NULL),
(584,	11,	4,	NULL),
(585,	11,	5,	NULL),
(586,	11,	6,	NULL),
(587,	11,	7,	NULL),
(588,	11,	8,	NULL),
(589,	11,	9,	NULL),
(590,	11,	10,	NULL),
(591,	11,	11,	NULL),
(592,	11,	12,	NULL),
(593,	11,	13,	NULL),
(594,	11,	14,	NULL),
(595,	11,	15,	NULL),
(596,	11,	16,	NULL),
(597,	11,	17,	NULL),
(598,	11,	18,	NULL),
(599,	11,	19,	NULL),
(600,	11,	20,	NULL),
(601,	11,	21,	NULL),
(602,	11,	22,	NULL),
(603,	11,	23,	NULL),
(604,	11,	24,	NULL),
(605,	11,	25,	NULL),
(606,	12,	1,	NULL),
(607,	12,	2,	NULL),
(608,	12,	3,	NULL),
(609,	12,	4,	NULL),
(610,	12,	5,	NULL),
(611,	12,	6,	NULL),
(612,	12,	7,	NULL),
(613,	12,	8,	NULL),
(614,	12,	9,	NULL),
(615,	12,	10,	NULL),
(616,	12,	11,	NULL),
(617,	12,	12,	NULL),
(618,	12,	13,	NULL),
(619,	12,	14,	NULL),
(620,	12,	15,	NULL),
(621,	12,	16,	NULL),
(622,	12,	17,	NULL),
(623,	12,	18,	NULL),
(624,	12,	19,	NULL),
(625,	12,	20,	NULL),
(626,	12,	21,	NULL),
(627,	12,	22,	NULL),
(628,	12,	23,	NULL),
(629,	12,	24,	NULL),
(630,	12,	25,	NULL),
(631,	13,	1,	NULL),
(632,	13,	2,	NULL),
(633,	13,	3,	NULL),
(634,	13,	4,	NULL),
(635,	13,	5,	NULL),
(636,	13,	6,	NULL),
(637,	13,	7,	NULL),
(638,	13,	8,	NULL),
(639,	13,	9,	NULL),
(640,	13,	10,	NULL),
(641,	13,	11,	NULL),
(642,	13,	12,	NULL),
(643,	13,	13,	NULL),
(644,	13,	14,	NULL),
(645,	13,	15,	NULL),
(646,	13,	16,	NULL),
(647,	13,	17,	NULL),
(648,	13,	18,	NULL),
(649,	13,	19,	NULL),
(650,	13,	20,	NULL),
(651,	13,	21,	NULL),
(652,	13,	22,	NULL),
(653,	13,	23,	NULL),
(654,	13,	24,	NULL),
(655,	13,	25,	NULL),
(656,	16,	1,	NULL),
(657,	16,	2,	NULL),
(658,	16,	3,	NULL),
(659,	16,	4,	NULL),
(660,	16,	5,	NULL),
(661,	16,	6,	NULL),
(662,	16,	7,	NULL),
(663,	16,	8,	NULL),
(664,	16,	9,	NULL),
(665,	16,	10,	NULL),
(666,	16,	11,	NULL),
(667,	16,	12,	NULL),
(668,	16,	13,	NULL),
(669,	16,	14,	NULL),
(670,	16,	15,	NULL),
(671,	16,	16,	NULL),
(672,	16,	17,	NULL),
(673,	16,	18,	NULL),
(674,	16,	19,	NULL),
(675,	16,	20,	NULL),
(676,	16,	21,	NULL),
(677,	16,	22,	NULL),
(678,	16,	23,	NULL),
(679,	16,	24,	NULL),
(680,	16,	25,	NULL),
(681,	17,	1,	NULL),
(682,	17,	2,	NULL),
(683,	17,	3,	NULL),
(684,	17,	4,	NULL),
(685,	17,	5,	NULL),
(686,	17,	6,	NULL),
(687,	17,	7,	NULL),
(688,	17,	8,	NULL),
(689,	17,	9,	NULL),
(690,	17,	10,	NULL),
(691,	17,	11,	NULL),
(692,	17,	12,	NULL),
(693,	17,	13,	NULL),
(694,	17,	14,	NULL),
(695,	17,	15,	NULL),
(696,	17,	16,	NULL),
(697,	17,	17,	NULL),
(698,	17,	18,	NULL),
(699,	17,	19,	NULL),
(700,	17,	20,	NULL),
(701,	17,	21,	NULL),
(702,	17,	22,	NULL),
(703,	17,	23,	NULL),
(704,	17,	24,	NULL),
(705,	17,	25,	NULL),
(706,	18,	1,	NULL),
(707,	18,	2,	NULL),
(708,	18,	3,	NULL),
(709,	18,	4,	NULL),
(710,	18,	5,	NULL),
(711,	18,	6,	NULL),
(712,	18,	7,	NULL),
(713,	18,	8,	NULL),
(714,	18,	9,	NULL),
(715,	18,	10,	NULL),
(716,	18,	11,	NULL),
(717,	18,	12,	NULL),
(718,	18,	13,	NULL),
(719,	18,	14,	NULL),
(720,	18,	15,	NULL),
(721,	18,	16,	NULL),
(722,	18,	17,	NULL),
(723,	18,	18,	NULL),
(724,	18,	19,	NULL),
(725,	18,	20,	NULL),
(726,	18,	21,	NULL),
(727,	18,	22,	NULL),
(728,	18,	23,	NULL),
(729,	18,	24,	NULL),
(730,	18,	25,	NULL),
(731,	19,	1,	NULL),
(732,	19,	2,	NULL),
(733,	19,	3,	NULL),
(734,	19,	4,	NULL),
(735,	19,	5,	NULL),
(736,	19,	6,	NULL),
(737,	19,	7,	NULL),
(738,	19,	8,	NULL),
(739,	19,	9,	NULL),
(740,	19,	10,	NULL),
(741,	19,	11,	NULL),
(742,	19,	12,	NULL),
(743,	19,	13,	NULL),
(744,	19,	14,	NULL),
(745,	19,	15,	NULL),
(746,	19,	16,	NULL),
(747,	19,	17,	NULL),
(748,	19,	18,	NULL),
(749,	19,	19,	NULL),
(750,	19,	20,	NULL),
(751,	19,	21,	NULL),
(752,	19,	22,	NULL),
(753,	19,	23,	NULL),
(754,	19,	24,	NULL),
(755,	19,	25,	NULL),
(756,	20,	1,	NULL),
(757,	20,	2,	NULL),
(758,	20,	3,	NULL),
(759,	20,	4,	NULL),
(760,	20,	5,	NULL),
(761,	20,	6,	NULL),
(762,	20,	7,	NULL),
(763,	20,	8,	NULL),
(764,	20,	9,	NULL),
(765,	20,	10,	NULL),
(766,	20,	11,	NULL),
(767,	20,	12,	NULL),
(768,	20,	13,	NULL),
(769,	20,	14,	NULL),
(770,	20,	15,	NULL),
(771,	20,	16,	NULL),
(772,	20,	17,	NULL),
(773,	20,	18,	NULL),
(774,	20,	19,	NULL),
(775,	20,	20,	NULL),
(776,	20,	21,	NULL),
(777,	20,	22,	NULL),
(778,	20,	23,	NULL),
(779,	20,	24,	NULL),
(780,	20,	25,	NULL),
(781,	2,	4,	NULL),
(782,	6,	4,	NULL),
(783,	14,	4,	NULL),
(784,	15,	4,	NULL),
(785,	2,	10,	NULL),
(786,	6,	10,	NULL),
(787,	14,	10,	NULL),
(788,	15,	10,	NULL),
(789,	2,	17,	NULL),
(790,	6,	17,	NULL),
(791,	14,	17,	NULL),
(792,	15,	17,	NULL),
(793,	2,	18,	NULL),
(794,	6,	18,	NULL),
(795,	14,	18,	NULL),
(796,	15,	18,	NULL),
(797,	2,	24,	NULL),
(798,	6,	24,	NULL),
(799,	14,	24,	NULL),
(800,	15,	24,	NULL),
(801,	2,	25,	NULL),
(802,	6,	25,	NULL),
(803,	14,	25,	NULL),
(804,	15,	25,	NULL),
(805,	2,	26,	NULL),
(806,	6,	26,	NULL),
(807,	14,	26,	NULL),
(808,	15,	26,	NULL),
(809,	3,	1,	NULL),
(810,	3,	2,	NULL),
(811,	3,	4,	NULL),
(812,	3,	6,	NULL),
(813,	3,	7,	NULL),
(814,	3,	9,	NULL),
(815,	3,	10,	NULL),
(816,	3,	15,	NULL),
(817,	3,	16,	NULL),
(818,	3,	17,	NULL),
(819,	3,	24,	NULL),
(820,	3,	27,	NULL),
(821,	3,	28,	NULL),
(822,	3,	29,	NULL),
(823,	3,	30,	NULL),
(824,	3,	31,	NULL),
(825,	3,	32,	NULL),
(826,	3,	34,	NULL),
(827,	3,	35,	NULL),
(828,	3,	36,	NULL),
(829,	3,	37,	NULL),
(830,	4,	1,	NULL),
(831,	4,	2,	NULL),
(832,	4,	4,	NULL),
(833,	4,	6,	NULL),
(834,	4,	7,	NULL),
(835,	4,	9,	NULL),
(836,	4,	10,	NULL),
(837,	4,	15,	NULL),
(838,	4,	16,	NULL),
(839,	4,	17,	NULL),
(840,	4,	24,	NULL),
(841,	4,	27,	NULL),
(842,	4,	28,	NULL),
(843,	4,	29,	NULL),
(844,	4,	30,	NULL),
(845,	4,	31,	NULL),
(846,	4,	32,	NULL),
(847,	4,	34,	NULL),
(848,	4,	35,	NULL),
(849,	4,	36,	NULL),
(850,	4,	37,	NULL),
(851,	5,	1,	NULL),
(852,	5,	2,	NULL),
(853,	5,	4,	NULL),
(854,	5,	6,	NULL),
(855,	5,	7,	NULL),
(856,	5,	9,	NULL),
(857,	5,	10,	NULL),
(858,	5,	15,	NULL),
(859,	5,	16,	NULL),
(860,	5,	17,	NULL),
(861,	5,	24,	NULL),
(862,	5,	27,	NULL),
(863,	5,	28,	NULL),
(864,	5,	29,	NULL),
(865,	5,	30,	NULL),
(866,	5,	31,	NULL),
(867,	5,	32,	NULL),
(868,	5,	34,	NULL),
(869,	5,	35,	NULL),
(870,	5,	36,	NULL),
(871,	5,	37,	NULL),
(872,	7,	1,	NULL),
(873,	7,	2,	NULL),
(874,	7,	4,	NULL),
(875,	7,	6,	NULL),
(876,	7,	7,	NULL),
(877,	7,	9,	NULL),
(878,	7,	10,	NULL),
(879,	7,	15,	NULL),
(880,	7,	16,	NULL),
(881,	7,	17,	NULL),
(882,	7,	24,	NULL),
(883,	7,	27,	NULL),
(884,	7,	28,	NULL),
(885,	7,	29,	NULL),
(886,	7,	30,	NULL),
(887,	7,	31,	NULL),
(888,	7,	32,	NULL),
(889,	7,	34,	NULL),
(890,	7,	35,	NULL),
(891,	7,	36,	NULL),
(892,	7,	37,	NULL),
(893,	8,	1,	NULL),
(894,	8,	2,	NULL),
(895,	8,	4,	NULL),
(896,	8,	6,	NULL),
(897,	8,	7,	NULL),
(898,	8,	9,	NULL),
(899,	8,	10,	NULL),
(900,	8,	15,	NULL),
(901,	8,	16,	NULL),
(902,	8,	17,	NULL),
(903,	8,	24,	NULL),
(904,	8,	27,	NULL),
(905,	8,	28,	NULL),
(906,	8,	29,	NULL),
(907,	8,	30,	NULL),
(908,	8,	31,	NULL),
(909,	8,	32,	NULL),
(910,	8,	34,	NULL),
(911,	8,	35,	NULL),
(912,	8,	36,	NULL),
(913,	8,	37,	NULL),
(914,	9,	1,	NULL),
(915,	9,	2,	NULL),
(916,	9,	4,	NULL),
(917,	9,	6,	NULL),
(918,	9,	7,	NULL),
(919,	9,	9,	NULL),
(920,	9,	10,	NULL),
(921,	9,	15,	NULL),
(922,	9,	16,	NULL),
(923,	9,	17,	NULL),
(924,	9,	24,	NULL),
(925,	9,	27,	NULL),
(926,	9,	28,	NULL),
(927,	9,	29,	NULL),
(928,	9,	30,	NULL),
(929,	9,	31,	NULL),
(930,	9,	32,	NULL),
(931,	9,	34,	NULL),
(932,	9,	35,	NULL),
(933,	9,	36,	NULL),
(934,	9,	37,	NULL),
(935,	10,	1,	NULL),
(936,	10,	2,	NULL),
(937,	10,	4,	NULL),
(938,	10,	6,	NULL),
(939,	10,	7,	NULL),
(940,	10,	9,	NULL),
(941,	10,	10,	NULL),
(942,	10,	15,	NULL),
(943,	10,	16,	NULL),
(944,	10,	17,	NULL),
(945,	10,	24,	NULL),
(946,	10,	27,	NULL),
(947,	10,	28,	NULL),
(948,	10,	29,	NULL),
(949,	10,	30,	NULL),
(950,	10,	31,	NULL),
(951,	10,	32,	NULL),
(952,	10,	34,	NULL),
(953,	10,	35,	NULL),
(954,	10,	36,	NULL),
(955,	10,	37,	NULL),
(956,	11,	1,	NULL),
(957,	11,	2,	NULL),
(958,	11,	4,	NULL),
(959,	11,	6,	NULL),
(960,	11,	7,	NULL),
(961,	11,	9,	NULL),
(962,	11,	10,	NULL),
(963,	11,	15,	NULL),
(964,	11,	16,	NULL),
(965,	11,	17,	NULL),
(966,	11,	24,	NULL),
(967,	11,	27,	NULL),
(968,	11,	28,	NULL),
(969,	11,	29,	NULL),
(970,	11,	30,	NULL),
(971,	11,	31,	NULL),
(972,	11,	32,	NULL),
(973,	11,	34,	NULL),
(974,	11,	35,	NULL),
(975,	11,	36,	NULL),
(976,	11,	37,	NULL),
(977,	12,	1,	NULL),
(978,	12,	2,	NULL),
(979,	12,	4,	NULL),
(980,	12,	6,	NULL),
(981,	12,	7,	NULL),
(982,	12,	9,	NULL),
(983,	12,	10,	NULL),
(984,	12,	15,	NULL),
(985,	12,	16,	NULL),
(986,	12,	17,	NULL),
(987,	12,	24,	NULL),
(988,	12,	27,	NULL),
(989,	12,	28,	NULL),
(990,	12,	29,	NULL),
(991,	12,	30,	NULL),
(992,	12,	31,	NULL),
(993,	12,	32,	NULL),
(994,	12,	34,	NULL),
(995,	12,	35,	NULL),
(996,	12,	36,	NULL),
(997,	12,	37,	NULL),
(998,	13,	1,	NULL),
(999,	13,	2,	NULL),
(1000,	13,	4,	NULL),
(1001,	13,	6,	NULL),
(1002,	13,	7,	NULL),
(1003,	13,	9,	NULL),
(1004,	13,	10,	NULL),
(1005,	13,	15,	NULL),
(1006,	13,	16,	NULL),
(1007,	13,	17,	NULL),
(1008,	13,	24,	NULL),
(1009,	13,	27,	NULL),
(1010,	13,	28,	NULL),
(1011,	13,	29,	NULL),
(1012,	13,	30,	NULL),
(1013,	13,	31,	NULL),
(1014,	13,	32,	NULL),
(1015,	13,	34,	NULL),
(1016,	13,	35,	NULL),
(1017,	13,	36,	NULL),
(1018,	13,	37,	NULL),
(1019,	16,	1,	NULL),
(1020,	16,	2,	NULL),
(1021,	16,	4,	NULL),
(1022,	16,	6,	NULL),
(1023,	16,	7,	NULL),
(1024,	16,	9,	NULL),
(1025,	16,	10,	NULL),
(1026,	16,	15,	NULL),
(1027,	16,	16,	NULL),
(1028,	16,	17,	NULL),
(1029,	16,	24,	NULL),
(1030,	16,	27,	NULL),
(1031,	16,	28,	NULL),
(1032,	16,	29,	NULL),
(1033,	16,	30,	NULL),
(1034,	16,	31,	NULL),
(1035,	16,	32,	NULL),
(1036,	16,	34,	NULL),
(1037,	16,	35,	NULL),
(1038,	16,	36,	NULL),
(1039,	16,	37,	NULL),
(1040,	17,	1,	NULL),
(1041,	17,	2,	NULL),
(1042,	17,	4,	NULL),
(1043,	17,	6,	NULL),
(1044,	17,	7,	NULL),
(1045,	17,	9,	NULL),
(1046,	17,	10,	NULL),
(1047,	17,	15,	NULL),
(1048,	17,	16,	NULL),
(1049,	17,	17,	NULL),
(1050,	17,	24,	NULL),
(1051,	17,	27,	NULL),
(1052,	17,	28,	NULL),
(1053,	17,	29,	NULL),
(1054,	17,	30,	NULL),
(1055,	17,	31,	NULL),
(1056,	17,	32,	NULL),
(1057,	17,	34,	NULL),
(1058,	17,	35,	NULL),
(1059,	17,	36,	NULL),
(1060,	17,	37,	NULL),
(1061,	18,	1,	NULL),
(1062,	18,	2,	NULL),
(1063,	18,	4,	NULL),
(1064,	18,	6,	NULL),
(1065,	18,	7,	NULL),
(1066,	18,	9,	NULL),
(1067,	18,	10,	NULL),
(1068,	18,	15,	NULL),
(1069,	18,	16,	NULL),
(1070,	18,	17,	NULL),
(1071,	18,	24,	NULL),
(1072,	18,	27,	NULL),
(1073,	18,	28,	NULL),
(1074,	18,	29,	NULL),
(1075,	18,	30,	NULL),
(1076,	18,	31,	NULL),
(1077,	18,	32,	NULL),
(1078,	18,	34,	NULL),
(1079,	18,	35,	NULL),
(1080,	18,	36,	NULL),
(1081,	18,	37,	NULL),
(1082,	19,	1,	NULL),
(1083,	19,	2,	NULL),
(1084,	19,	4,	NULL),
(1085,	19,	6,	NULL),
(1086,	19,	7,	NULL),
(1087,	19,	9,	NULL),
(1088,	19,	10,	NULL),
(1089,	19,	15,	NULL),
(1090,	19,	16,	NULL),
(1091,	19,	17,	NULL),
(1092,	19,	24,	NULL),
(1093,	19,	27,	NULL),
(1094,	19,	28,	NULL),
(1095,	19,	29,	NULL),
(1096,	19,	30,	NULL),
(1097,	19,	31,	NULL),
(1098,	19,	32,	NULL),
(1099,	19,	34,	NULL),
(1100,	19,	35,	NULL),
(1101,	19,	36,	NULL),
(1102,	19,	37,	NULL),
(1103,	20,	1,	NULL),
(1104,	20,	2,	NULL),
(1105,	20,	4,	NULL),
(1106,	20,	6,	NULL),
(1107,	20,	7,	NULL),
(1108,	20,	9,	NULL),
(1109,	20,	10,	NULL),
(1110,	20,	15,	NULL),
(1111,	20,	16,	NULL),
(1112,	20,	17,	NULL),
(1113,	20,	24,	NULL),
(1114,	20,	27,	NULL),
(1115,	20,	28,	NULL),
(1116,	20,	29,	NULL),
(1117,	20,	30,	NULL),
(1118,	20,	31,	NULL),
(1119,	20,	32,	NULL),
(1120,	20,	34,	NULL),
(1121,	20,	35,	NULL),
(1122,	20,	36,	NULL),
(1123,	20,	37,	NULL),
(1124,	6,	2,	NULL),
(1125,	14,	2,	NULL),
(1126,	15,	2,	NULL),
(1127,	6,	4,	NULL),
(1128,	14,	4,	NULL),
(1129,	15,	4,	NULL),
(1130,	6,	7,	NULL),
(1131,	14,	7,	NULL),
(1132,	15,	7,	NULL),
(1133,	6,	10,	NULL),
(1134,	14,	10,	NULL),
(1135,	15,	10,	NULL),
(1136,	6,	17,	NULL),
(1137,	14,	17,	NULL),
(1138,	15,	17,	NULL),
(1139,	6,	24,	NULL),
(1140,	14,	24,	NULL),
(1141,	15,	24,	NULL),
(1142,	6,	29,	NULL),
(1143,	14,	29,	NULL),
(1144,	15,	29,	NULL),
(1145,	6,	30,	NULL),
(1146,	14,	30,	NULL),
(1147,	15,	30,	NULL),
(1148,	6,	33,	NULL),
(1149,	14,	33,	NULL),
(1150,	15,	33,	NULL),
(1151,	6,	36,	NULL),
(1152,	14,	36,	NULL),
(1153,	15,	36,	NULL),
(1154,	6,	37,	NULL),
(1155,	14,	37,	NULL),
(1156,	15,	37,	NULL),
(1157,	4,	38,	NULL),
(1158,	6,	38,	NULL),
(1159,	13,	38,	NULL),
(1160,	15,	38,	NULL);

DROP TABLE IF EXISTS "vehicles";
DROP SEQUENCE IF EXISTS vehicles_id_seq;
CREATE SEQUENCE vehicles_id_seq INCREMENT 1 MINVALUE 1 MAXVALUE 2147483647 CACHE 1;

CREATE TABLE "public"."vehicles" (
    "id" integer DEFAULT nextval('vehicles_id_seq') NOT NULL,
    "make" character varying(50) NOT NULL,
    "model" character varying(100) NOT NULL,
    "year" integer NOT NULL,
    CONSTRAINT "vehicles_pkey" PRIMARY KEY ("id")
)
WITH (oids = false);

INSERT INTO "vehicles" ("id", "make", "model", "year") VALUES
(1,	'Toyota',	'RAV4',	2023),
(2,	'Tesla',	'Model Y',	2023),
(3,	'Toyota',	'Corolla Cross',	2023),
(4,	'Honda',	'CR-V',	2023),
(5,	'Toyota',	'Corolla Sedan',	2023),
(6,	'BYD',	'Song Plus (EV + PHEV)',	2023),
(7,	'Ford',	'F-Series',	2023),
(8,	'Chevrolet',	'Silverado',	2023),
(9,	'Honda',	'Civic',	2023),
(10,	'Toyota',	'Hilux',	2023),
(11,	'Volkswagen',	'Tiguan',	2023),
(12,	'Hyundai',	'Tucson',	2023),
(13,	'Toyota',	'Camry',	2023),
(14,	'Tesla',	'Model 3',	2023),
(15,	'BYD',	'Qin Plus (EV + PHEV)',	2023),
(16,	'Kia',	'Sportage',	2023),
(17,	'Nissan',	'Rogue / X-Trail',	2023),
(18,	'Ram',	'Pickup (1500/2500/3500)',	2023),
(19,	'Mazda',	'CX-5',	2023),
(20,	'Hyundai',	'Elantra / Avante / i30 Sedan',	2023);

ALTER TABLE ONLY "public"."trim_drivetrains" ADD CONSTRAINT "trim_drivetrains_drivetrain_id_fkey" FOREIGN KEY (drivetrain_id) REFERENCES drivetrains(id) ON DELETE CASCADE NOT DEFERRABLE;
ALTER TABLE ONLY "public"."trim_drivetrains" ADD CONSTRAINT "trim_drivetrains_trim_id_fkey" FOREIGN KEY (trim_id) REFERENCES trims(id) ON DELETE CASCADE NOT DEFERRABLE;

ALTER TABLE ONLY "public"."trim_engines" ADD CONSTRAINT "trim_engines_engine_id_fkey" FOREIGN KEY (engine_id) REFERENCES engines(id) ON DELETE CASCADE NOT DEFERRABLE;
ALTER TABLE ONLY "public"."trim_engines" ADD CONSTRAINT "trim_engines_trim_id_fkey" FOREIGN KEY (trim_id) REFERENCES trims(id) ON DELETE CASCADE NOT DEFERRABLE;

ALTER TABLE ONLY "public"."trims" ADD CONSTRAINT "trims_vehicle_id_fkey" FOREIGN KEY (vehicle_id) REFERENCES vehicles(id) ON DELETE CASCADE NOT DEFERRABLE;

ALTER TABLE ONLY "public"."vehicle_issues" ADD CONSTRAINT "vehicle_issues_issue_id_fkey" FOREIGN KEY (issue_id) REFERENCES issues(id) ON DELETE CASCADE NOT DEFERRABLE;
ALTER TABLE ONLY "public"."vehicle_issues" ADD CONSTRAINT "vehicle_issues_vehicle_id_fkey" FOREIGN KEY (vehicle_id) REFERENCES vehicles(id) ON DELETE CASCADE NOT DEFERRABLE;

ALTER TABLE ONLY "public"."vehicle_maintenance" ADD CONSTRAINT "vehicle_maintenance_maintenance_id_fkey" FOREIGN KEY (maintenance_id) REFERENCES maintenance(id) ON DELETE CASCADE NOT DEFERRABLE;
ALTER TABLE ONLY "public"."vehicle_maintenance" ADD CONSTRAINT "vehicle_maintenance_vehicle_id_fkey" FOREIGN KEY (vehicle_id) REFERENCES vehicles(id) ON DELETE CASCADE NOT DEFERRABLE;

-- 2025-11-19 00:16:41 UTC
